Position,Name,Pieces,Legal Moves,Minimax Move,Minimax Time (s),MCTS Move,MCTS Time (s)
1,The Immortal Game,25,40,d5f4,1.5132729999982986,d6e7,0.3235811200021999
2,The Evergreen Game,21,31,d3e2,1.5206216799997492,d3f5,0.2867710599995917
3,The Game of the Century,15,40,b4c3,0.9969183399982284,g7h7,0.3219593600006192
4,Réti's Mate,27,43,d3e3,2.9712407600003643,d3e4,0.3109035799978301
5,Loyd's Charles XII Problem,9,23,e1f3,0.17802235999843105,g7g8,0.2273912600008771
6,Back-Rank Mate: Queen Sacrifices,8,22,d7c8,0.4690892199971131,d7e6,0.17123303999833298
7,Back-Rank Mate: Quiet Knight Move,8,44,h3g5,0.7020315199988545,h3g5,0.24032962000346741
8,Queen Sacrifice and Knight Support,8,41,f7f8,0.4716967400003341,c8e7,0.20605304000055186
9,Rook Sacrifice: Queen on the Long Diagonal,8,42,h6d6,0.47144361999962714,b8g8,0.23545197999919765
10,Rook Sacrifice: Queen and Knight Mate,8,51,d6h2,0.5815058000007411,e8h8,0.2727313800001866
11,Anastasia's Mate,11,46,e5e8,1.8974944000015967,e5e8,0.304128680001304
12,Arabian Mate,7,35,g8e7,0.434864799999923,g8e7,0.19732705999922473
13,Arabian Mate: Rook Lift,7,21,e1d1,0.15708148000121583,d7d8,0.16124915999971562
14,Smothered Mate,10,35,h6g7,0.5859782000014093,e5c7,0.24052823999954853
15,Double-Check Mate,12,51,a3a8,1.2619523600005778,d8e7,0.29333755999978167
16,Promotion Mate,5,26,g3g4,0.0847927200011327,g3h4,0.1687843799998518
17,Double Promotion,6,30,d7d8q,0.2873750799975824,f6g6,0.23522572000074432
18,Under-Promotion to a Rook,6,3,g1g7,0.02205592000100296,a1a2,0.14367055999900913
19,Under-Promotion to a Bishop,6,38,c4g8,0.37186965999862875,c4g8,0.2393926399992779
20,Under-Promotion to a Knight,7,24,a6a7,0.269759760001034,a6a7,0.1977056799994898
