position,name,pieces,legal_moves,best_move,depth,total_plies,iterations,average_time_seconds
1,The Immortal Game,25,40,f5g7,3,6,10000,31.478899819997604
2,The Evergreen Game,21,31,d3f1,3,6,10000,34.609911839998674
3,The Game of the Century,15,40,g7h6,3,6,10000,31.916189419996225
4,Réti's Mate,27,43,d2g5,3,6,10000,50.630428759998175
5,Loyd's Charles XII Problem,9,23,e1f3,3,6,10000,21.664319759994395
6,Back-Rank Mate: Queen Sacrifices,8,22,d7e6,3,6,10000,22.042892620005297
7,Back-Rank Mate: Quiet Knight Move,8,44,h3g5,3,6,10000,29.46210974000278
8,Queen Sacrifice and Knight Support,8,43,f3c3,3,6,10000,26.557360599999082
9,Rook Sacrifice: Queen on the Long Diagonal,8,42,d7f6,3,6,10000,23.727591419999953
10,Rook Sacrifice: Queen and Knight Mate,8,51,f5e7,3,6,10000,27.05783063999552
11,Anastasia's Mate,11,46,d4g4,3,6,10000,39.62287052000174
12,Arabian Mate,7,35,a7d4,3,6,10000,28.433720340000583
13,Arabian Mate: Rook Lift,7,21,e4f6,3,6,10000,19.299039900000206
14,Smothered Mate,10,35,b5d6,3,6,10000,25.890171400003602
15,Double-Check Mate,12,51,a3a8,3,6,10000,27.799770840001294
16,Promotion Mate,5,26,b7b8q,3,6,10000,18.183355559996563
17,Double Promotion,6,30,a7a8q,3,6,10000,24.553772780002326
18,Under-Promotion to a Rook,6,3,g1g7,3,6,10000,6.9004099200043125
19,Under-Promotion to a Bishop,6,32,c2f5,3,6,10000,24.76865776000195
20,Under-Promotion to a Knight,7,24,c7c8q,3,6,10000,23.52928607999929
